<?xml version="1.0"?>

<ruleset name="pmd-rules"
    xmlns="http://pmd.sourceforge.net/ruleset/2.0.0"
    xmlns:xsi="http://www.w3.org/2001/XMLSchema-instance"
    xsi:schemaLocation="http://pmd.sourceforge.net/ruleset/2.0.0 https://pmd.sourceforge.io/ruleset_2_0_0.xsd">

    <description>
Rules which enforce generally accepted best practices.
    </description>

    <rule name="AvoidPrintStackTrace"
          language="java"
          since="3.2"
          message="Avoid printStackTrace(); use a logger call instead."
          class="net.sourceforge.pmd.lang.rule.XPathRule"
          externalInfoUrl="https://pmd.github.io/pmd-6.13.0/pmd_rules_java_bestpractices.html#avoidprintstacktrace">
        <description>
Avoid printStackTrace(); use a logger call instead.
        </description>
        <priority>3</priority>
        <properties>
            <property name="xpath">
                <value>
<![CDATA[
//PrimaryExpression
 [PrimaryPrefix/Name[contains(@Image,'printStackTrace')]]
 [PrimarySuffix[not(boolean(Arguments/ArgumentList/Expression))]]
]]>
                </value>
            </property>
        </properties>
        <example>
<![CDATA[
class Foo {
    void bar() {
        try {
            // do something
        } catch (Exception e) {
            e.printStackTrace();
        }
    }
}
]]>
        </example>
    </rule>
    
    <rule name="SystemPrintln"
          language="java"
          since="2.1"
          message="{0} is used"
          class="net.sourceforge.pmd.lang.rule.XPathRule"
          externalInfoUrl="https://pmd.github.io/pmd-6.13.0/pmd_rules_java_bestpractices.html#systemprintln">
        <description>
References to System.(out|err).print are usually intended for debugging purposes and can remain in
the codebase even in production code. By using a logger one can enable/disable this behaviour at
will (and by priority) and avoid clogging the Standard out log.
        </description>
        <priority>2</priority>
        <properties>
            <property name="xpath">
                <value>
<![CDATA[
//Name[
    starts-with(@Image, 'System.out.print')
    or
    starts-with(@Image, 'System.err.print')
    ]
]]>
                </value>
            </property>
        </properties>
        <example>
 <![CDATA[
class Foo{
    Logger log = Logger.getLogger(Foo.class.getName());
    public void testA () {
        System.out.println("Entering test");
        // Better use this
        log.fine("Entering test");
    }
}
]]>
        </example>
    </rule>

<rule name="UnusedImports"
          since="1.0"
          message="Avoid unused imports such as ''{0}''"
          class="net.sourceforge.pmd.lang.java.rule.bestpractices.UnusedImportsRule"
          typeResolution="true"
          externalInfoUrl="https://pmd.github.io/pmd-6.13.0/pmd_rules_java_bestpractices.html#unusedimports">
        <description>
Avoid unused import statements to prevent unwanted dependencies.
This rule will also find unused on demand imports, i.e. import com.foo.*.
        </description>
        <priority>4</priority>
        <example>
<![CDATA[
import java.io.File;  // not referenced or required
import java.util.*;   // not referenced or required

public class Foo {}
]]>
        </example>
    </rule>
    
    <rule name="UnusedLocalVariable"
          language="java"
          since="0.1"
          message="Avoid unused local variables such as ''{0}''."
          class="net.sourceforge.pmd.lang.java.rule.bestpractices.UnusedLocalVariableRule"
          externalInfoUrl="https://pmd.github.io/pmd-6.13.0/pmd_rules_java_bestpractices.html#unusedlocalvariable">
        <description>
Detects when a local variable is declared and/or assigned, but not used.
        </description>
        <priority>3</priority>
        <example>
<![CDATA[
public class Foo {
    public void doSomething() {
        int i = 5; // Unused
    }
}
]]>
        </example>
    </rule>
    
    <rule name="UnusedPrivateField"
          since="0.1"
          language="java"
          message="Avoid unused private fields such as ''{0}''."
          class="net.sourceforge.pmd.lang.java.rule.bestpractices.UnusedPrivateFieldRule"
          externalInfoUrl="https://pmd.github.io/pmd-6.13.0/pmd_rules_java_bestpractices.html#unusedprivatefield">
        <description>
Detects when a private field is declared and/or assigned a value, but not used.
        </description>
        <priority>3</priority>
        <example>
<![CDATA[
public class Something {
    private static int FOO = 2; // Unused
    private int i = 5; // Unused
    private int j = 6;
    public int addOne() {
        return j++;
    }
}
]]>
        </example>
    </rule>
    
    <rule name="UnusedPrivateMethod"
          language="java"
          since="0.7"
          message="Avoid unused private methods such as ''{0}''."
          class="net.sourceforge.pmd.lang.java.rule.bestpractices.UnusedPrivateMethodRule"
          externalInfoUrl="https://pmd.github.io/pmd-6.13.0/pmd_rules_java_bestpractices.html#unusedprivatemethod">
        <description>
Unused Private Method detects when a private method is declared but is unused.
        </description>
        <priority>3</priority>
        <example>
<![CDATA[
public class Something {
    private void foo() {} // unused
}
]]>
        </example>
    </rule>
    
    
</ruleset>
