[
    {"bookingId":"B1001", "userId":"U1003", "vehicleName":"Bajaj Vikrant", "bookingDate": "2016-07-29", "status":"Completed"},
    {"bookingId":"B1002", "userId":"U1001", "vehicleName":"Honda Dio", "bookingDate": "2018-04-05", "status":"Completed"},
    {"bookingId":"B1003", "userId":"U1004", "vehicleName":"Hero Xtreme", "bookingDate": "2019-02-12", "status": "Cancelled"},
    {"bookingId":"B1004", "userId":"U1003", "vehicleName":"Royal Enfield Thunderbird", "bookingDate": "2018-12-25", "status":"Completed"},
    {"bookingId":"B1005", "userId":"U1005", "vehicleName":"Bajaj Vikrant", "bookingDate": "2019-01-18", "status": "Not yet started"},
    {"bookingId":"B1006", "userId":"U1002", "vehicleName":"Hero Xtreme", "bookingDate": "2018-08-15", "status": "Cancelled"},
    {"bookingId":"B1007", "userId":"U1002", "vehicleName":"Bajaj Vikrant", "bookingDate": "2017-01-26", "status":"Completed"},
    {"bookingId":"B1008", "userId":"U1004", "vehicleName":"Honda Dio", "bookingDate": "2018-04-01", "status": "Cancelled"},
    {"bookingId":"B1009", "userId":"U1006", "vehicleName":"Bajaj Vikrant", "bookingDate": "2019-08-12", "status": "Not yet started"},
    {"bookingId":"B1010", "userId":"U1006", "vehicleName":"Royal Enfield Thunderbird", "bookingDate": "2018-06-06", "status":"Completed"},
    {"bookingId":"B1011", "userId":"U1001", "vehicleName":"Honda Dio", "bookingDate": "2018-09-23", "status":"Completed"},
    {"bookingId":"B1012", "userId":"U1002", "vehicleName":"Royal Enfield Thunderbird", "bookingDate": "2018-11-19", "status":"Completed"},
    {"bookingId":"B1013", "userId":"U1003", "vehicleName":"Hero Xtreme", "bookingDate": "2018-03-13", "status": "Cancelled"},
    {"bookingId":"B1014", "userId":"U1005", "vehicleName":"Honda Dio", "bookingDate": "2019-11-11", "status": "Not yet started"}
]